{
  "project_info": {
    "project_number": "883258094732",
    "project_id": "healthbuddy-3bae0",
    "storage_bucket": "healthbuddy-3bae0.appspot.com"
  },
  "client": [
    {
      "client_info": {
        "mobilesdk_app_id": "1:883258094732:android:3ab446b7a7efc9bc2c77a9",
        "android_client_info": {
          "package_name": "com.example.health_buddy"
        }
      },
      "oauth_client": [
        {
          "client_id": "883258094732-bsvtvam399ngatjvsphs47jeh31vhf9c.apps.googleusercontent.com",
          "client_type": 3
        }
      ],
      "api_key": [
        {
          "current_key": "AIzaSyC8MfJeFQEt0TxgR6NE8laAbnm4riso02c"
        }
      ],
      "services": {
        "appinvite_service": {
          "other_platform_oauth_client": [
            {
              "client_id": "883258094732-bsvtvam399ngatjvsphs47jeh31vhf9c.apps.googleusercontent.com",
              "client_type": 3
            }
          ]
        }
      }
    }
  ],
  "configuration_version": "1"
}